[{"city":"\uc11c\uc6b8","temp":8.51,"0":1,"1":"50d"},{"city":"\ubd80\uc0b0","temp":13.99,"0":1,"1":"04d"},{"city":"\ub300\uc804","temp":9.97,"0":1,"1":"04d"},{"city":"\uad11\uc8fc","temp":12.36,"0":1,"1":"04d"},{"city":"\uc778\ucc9c","temp":8.93,"0":1,"1":"50d"},{"city":"\ub300\uad6c","temp":6.47,"0":1,"1":"03d"},{"city":"\uc804\uc8fc","temp":11.75,"0":1,"1":"04d"},{"city":"\uc218\uc6d0","temp":8.17,"0":1,"1":"50d"},{"city":"\uc6d0\uc8fc","temp":4.89,"0":1,"1":"04d"},{"city":"\uc18d\ucd08","temp":16.34,"0":1,"1":"02d"},{"city":"\uccad\uc8fc","temp":9.71,"0":1,"1":"04d"}]